word,weight
aba-aba,-3
abai,-3
abaikan,-2
abar-abar,-5
abdi negara,-3
abis,-2
abnormalitas,-4
abolisi,-3
abon,-4
aborsi,-3
abses,-4
abu-abu,-2
abuk,-3
abur,-5
acak,-5
acak-acakan,-5
acau,-4
aco-acoan,-5
acoan,-5
acu,-4
adang,-3
addict,-3
adegan,-4
adiktif,-4
adimarga,-4
adu,-3
agen,-3
agen rahasia,-3
ahli bahasa,-3
ahmak,-3
aiku,-5
ain,-5
air liur,-2
ajang,-3
aju,-3
ajuk,-5
akal bulus,-3
akik,-3
akreditasi,-3
aksa,-4
aksioma,-3
akumah,-3
akunya,-1
akut,-5
alah,-4
alahan,-3
alai-belai,-3
alat kelamin,-3
alat negara,-3
alat vital,-2
alay,-4
albumnya,-2
alergi,-3
alir udara,-1
aliran udara,-1
alkisah,-4
alku,-5
alobar,-4
alone,-3
alot,-2
alpa,-3
amah,-5
amandel,-5
amarah,-5
amat sangat,-3
amatin,-2
ambai,-5
ambalan,-4
ambau,-5
ambigu,-3
ambiguitas,-5
amblas,-3
ambles,-4
ambruk,-5
amburadul,-5
ametis,-4
amit,-4
amoral,-3
ampai,-4
ampas,-3
ampas kopi,-2
ampel,-3
ampela,-5
ampuni,-2
amtenar,-3
anak air,-4
anak bawang,-2
anak bedil,-3
anak bukit,-4
anak cucu,-3
anak penak,-3
anak pinak,-3
anak-anakan,-3
analitis,-4
anarki,-4
ancai,-5
ancam,-4
ancaman,-4
andeka,-3
aneh,-2
anggai,-3
anggara,-4
anggota,-3
anggur,-4
angguran,-4
angin lalu,-5
angit,-5
angkat kaki,-3
angkat tangan,-3
angkat topi,-4
angkatan,-5
angkot,-1
angkup,-3
anglo,-4
aniaya,-4
anjeng,-5
anjer,-3
anjg,-5
anjing tanah,-5
anjis,-1
anjlok,-4
anjungan,-3
anjur,-2
anom,-4
antagonisme,-4
antap,-5
antek,-3
antem,-2
anti,-2
antitesis,-3
antuk,-4
antun,-3
anyir,-4
apalah,-2
apanya,-3
aparat,-3
aparatus,-3
apasih,-4
apek,-4
apes,-5
api-api,-4
apit,-3
apiun,-3
apkir,-4
apkiran,-4
aral melintang,-3
aras,-2
arbitrer,-5
arca,-3
argumen,-4
arik,-3
armada,-5
arsip,-5
aru,-5
aru-aru,-4
arus udara,-4
asah,-3
asak,-3
asal usul,-4
asal-asalan,-5
asam,-2
asan tak asan,-5
asfal,-5
asid,-5
asor,-5
aspek,-3
aspiran,-5
astagfirulloh,-4
astaghfirullah,-3
asumsi,-3
asusila,-5
aswad,-4
atresia,-3
atribut,-3
atuh,-1
atut,-2
aur,-3
aurat,-2
aus,-5
auta,-4
awa-,-3
awan kelabu,-3
awi,-3
awur,-4
awut,-4
awut-awutan,-5
ayal,-3
ayat,-4
azab,-5
babak,-4
babar,-1
babi buta,-3
babil,-4
bablas,-5
babu,-5
bacar mulut,-4
bacok,-4
bad,-4
badai,-4
badmood,-4
badung,-4
bagaimana pun,-2
bagal,-3
bah,-3
bahala,-3
bahaya,-5
bahlul,-5
bahtera,-3
baiat,-3
bait,-3
bajak,-4
baktau,-5
bala,-5
bala bencana,-5
balairung,-3
balela,-4
bales,-3
balesnya,-2
balik adab,-5
balik akal,-4
balik gagang,-5
balkon,-3
balung,-4
bambu,-3
bambung,-3
banal,-3
banat,-4
bancang,-5
banci,-5
bandang,-4
bandar,-4
bandel,-5
bandit,-5
bando,-4
bangang,-3
bangbung,-4
bangett,-2
bangkai,-4
bangkang,-4
bangkot,-4
bangkrut,-5
bangle,-4
bangsal,-3
bangsat,-5
bantah,-3
bantai,-5
bantar,-4
banteng,-3
bantet,-3
banyak bicara,-3
banyak cakap,-4
banyak cincong,-4
banyak mulut,-4
banyol,-3
baperan,-4
bapet,-4
barang bekas,-4
barbar,-5
baret,-3
barkas,-5
barua,-5
barut,-3
barzakh,-4
basi,-5
basmi,-5
bastar,-2
batal,-5
batalion,-5
batas waktu,-3
batel,-4
baterai,-3
batil,-4
batu berdahak,-4
batu loncatan,-3
batuk darah,-4
batuk kecil,-4
batuk kering,-3
batuk lelah,-4
batuk-batuk,-4
batung-batung,-4
bau,-4
bau kencur,-4
bawain,-3
bawel,-4
baya,-4
bebal,-3
beban,-5
bebat,-3
bebel,-5
becek,-4
bedegong,-4
bedel,-4
bedeng,-3
bedol,-4
begadang,-3
begah,-2
begak,-3
begal,-5
begana-begini,-4
begitu saja,-2
bego,-3
begu,-4
beguk,-4
begundal,-3
bejat,-5
bekap,-3
bekas,-2
bekicot,-4
belah,-5
belah ketupat,-4
belai,-4
belaian,-3
belain,-2
belaka,-1
belam,-3
belang,-5
belati,-4
belembang,-5
belendung,-3
belenggu,-3
beleter,-4
belia,-2
beliin,-1
beling,-1
belingsat,-4
belinjo,-3
belis,-4
belit,-3
beloh,-5
beloon,-3
belot,-5
belu-belai,-4
belulang,-3
belum,-2
benah hati,-3
bencana,-5
bencat,-5
benci,-5
bencong,-5
bendel,-5
bendera,-3
benderang,-3
bendoro,-4
bendu,-4
bendung,-3
bengal,-4
bengap,-3
bengis,-5
bengkak,-4
bengkak hati,-3
bengkerap,-4
bengkok,-4
bengok,-4
benguk,-2
benjut,-4
bentak,-5
bentakan,-5
bentan,-4
bentrok,-5
bentul,-3
benyot,-4
beol,-5
beperkara,-4
beradu,-4
beradu lidah,-3
beradu mulut,-4
beraduk,-3
beragam,-3
berair,-1
berak,-4
berak air,-4
berakhlak,-4
beralasan,-4
beralaskan,-4
beralih,-3
beralih bentuk,-3
berambu-rambu,-4
beramuk,-4
beramuk-amukan,-4
beranak bercucu,-3
beranak cucu,-3
beranak pinak,-3
beranang,-3
berandalan,-5
berang,-5
berangai,-5
berangan,-3
beranggar lidah,-3
berangkal,-3
berangkat,-4
berangsang,-5
berangsur,-3
beranjak,-3
berantak,-4
berantakan,-5
berantara,-3
berantem,-4
berapat-rapat,-3
berapit,-4
berasa,-2
berasak,-3
berasal,-3
berasimilasi,-3
berat ekor,-4
berat hati,-4
berat kepala,-5
berat otak,-4
berat pinggul,-2
berat sebelah,-4
berat tangan,-4
berat telinga,-3
berat tulang,-4
berawan,-3
berbabil,-4
berbadan dua,-3
berbahaya,-4
berbakti,-3
berbalik,-5
berbanding,-3
berbantah,-5
berbantahan,-3
berbayar,-3
berbecak-becak,-3
berbeda,-4
berbelit-belit,-4
berbenturan,-4
berbiak,-3
berbicara,-3
berbisa,-5
berbohong,-4
berbondong-bondong,-3
berburu,-3
berburuk,-4
bercak,-5
bercakar-cakaran,-4
bercaran,-4
bercat,-3
bercedera,-4
bercekak,-3
bercekcok,-4
bercekit,-4
bercelah,-3
berceloteh,-4
bercempera,-5
bercengkerama,-2
bercerai-berai,-5
bercikun-cikun,-5
bercintaan,-3
bercorak,-3
bercucuran,-5
bercumbu,-4
bercumbuan,-3
bercumbu-cumbu,-3
bercura,-4
berdakwa,-4
berdalih,-4
berdampingan,-3
berdarah dingin,-4
berdasarkan,-4
berdaulat,-3
berdebat,-5
berdekatan,-4
berdekus,-3
berdengung,-3
berdengus,-3
berderum,-4
berdesakan,-3
berdesir,-2
berdikit-dikit,-3
berdompol,-4
berdosa,-4
berduaan,-3
berduka,-5
berdusta,-4
berduyun-duyun,-3
beredak,-5
beregu,-3
berengsaan,-4
berengsek,-5
bergabung,-4
bergadang,-4
bergaduh,-5
bergajul,-5
bergamit,-3
berganda,-3
berganduh,-3
berganggang,-3
bergaul,-3
bergaung,-3
bergejolak,-3
bergelegak,-3
bergelut,-4
bergemam,-3
bergembung,-3
bergemuruh,-3
bergerombol,-4
bergerombolan berkawanan,-4
bergesek,-3
bergesel,-3
bergeser,-4
bergolak,-5
bergontok,-4
bergosok,-3
bergosokan,-3
bergoyah,-4
berguam,-4
berguguran,-3
bergulat,-4
bergulir,-3
bergumam,-3
bergumul,-4
berguncang,-5
bergundang,-5
bergurau,-4
bergurau senda,-4
berguyub,-3
berhala,-4
berhamburan,-5
berhandai-handai,-3
berhantaran,-5
berhanyut,-4
berhati walang,-3
berhelat,-4
berhenti (tugas),-2
berhimpun,-4
berhujah,-4
beri (uang),-2
beri uang,-2
beringas,-4
beringat,-3
beringsut,-3
berjarak,-4
berjauh hati,-3
berjejak,-3
berjejal,-3
berjejal-jejal,-3
berjejas,-5
berjubal,-3
berkabung,-5
berkabut,-3
berkalang tanah,-2
berkarat,-4
berkarut,-5
berkasih-kasihan,-3
berkawan,-3
berkawanan,-4
berkeberatan,-4
berkecai,-5
berkecamuk,-4
berkecandan,-4
berkecenderungan,-3
berkejaran,-3
berkelakar,-4
berkelir,-3
berkelok-kelok,-2
berkelompok-kelompok,-4
berkemal,-4
berkemam,-3
berkemandang,-3
berkemas-kemas,-2
berkembang biak,-3
berkemih,-3
berkenalan,-3
berkeping-keping,-5
berkerak,-2
berkeras-kerasan,-4
berkerubung,-4
berkerumun,-4
berkerut,-2
berketar-ketar,-3
berkhianat,-5
berkilah,-4
berkisar,-3
berkolusi,-5
berkomplot,-4
berkongkalikong,-4
berkonspirasi,-4
berkorban,-3
berkuliah,-4
berkumandang,-3
berkunjung,-4
berkupak,-3
berkurang,-3
berkurangan,-3
berkurap,-4
berlaga,-4
berlalu dari dunia,-5
berlalu dr dunia,-5
berlama-lama,-2
berlandaskan,-4
berlangau,-4
berlanggaran,-4
berlara-lara,-4
berlarat-larat,-4
berlarian,-5
berlawanan,-4
berlebih-lebih,-4
berlelehan,-3
berlengkesa,-3
berlepasan,-3
berlibat-libat,-4
berlik,-4
berliku-liku,-4
berlinang,-3
berlipat,-3
berlipat ganda,-3
berlompatan,-5
berlubang,-3
berluruhan,-3
berlutut,-2
bermain-main,-2
bermesraan,-3
bermetamorfosis,-3
bermoral,-4
bermotif,-3
bermukah,-4
bermuram durja,-5
bermusuhan,-4
bernoda,-4
bernuansa,-3
berogak-ogak,-4
berolok-olok,-4
berombongan,-4
beromong kosong,-4
berona,-3
berongga,-3
berpada-pada,-3
berpadu,-3
berpalit-palit,-4
berpangku tangan,-4
berparak,-4
berpartai,-3
berpasangan,-3
berpasuk,-3
berpencar,-5
berpencaran,-3
berperai-perai,-5
berperang hati,-4
berperang mulut,-3
berpijar,-3
berpoleng,-3
berpuaka,-3
berpuak-puak,-4
berpucuk,-4
berpura-pura,-4
berpusu,-3
berputar-putar,-4
berputih tulang,-2
bersaba,-3
bersabung nyawa,-3
bersalah,-4
bersalahan,-4
bersandarkan,-4
bersanding,-5
bersanggit,-5
bersangkal,-5
bersara,-3
bersebaran,-5
bersebelahan,-4
berseberangan,-3
bersedih,-5
bersekongkol,-4
bersekutu,-5
berselang,-3
berselingkuh,-5
berselisih,-5
berseloroh,-4
bersempena,-3
bersempuras,-3
bersendi,-4
bersendikan,-4
bersengaja,-2
bersengketa,-4
bersentuh,-5
bersepai,-5
berserakan,-5
berserikat,-3
bersesak-sesak,-3
berseteru,-4
bersilih,-3
bersimbah,-3
bersinggungan,-3
bersipongang,-3
bersisalak,-4
bersokom,-4
bersuka-suka,-3
bersuka-sukaan,-3
bersungkawa,-3
bersurai,-3
bersusah,-5
bersusah hati,-5
bersusila,-4
bertabrakan,-4
bertaburan,-5
bertaki,-3
bertala-tala,-3
bertalun-talun,-3
bertambah,-5
bertambun,-3
bertamu,-4
bertandang,-4
bertangkap,-3
bertapa,-3
bertapakkan,-4
bertara,-3
bertarak,-3
bertasyakur,-4
bertautan,-4
bertebaran,-5
bertekak,-4
bertekuk lutut,-3
bertelanjang,-3
bertele-tele,-3
bertelimpuh,-3
bertelinga lembut,-3
bertelingkah,-4
berteman,-3
bertemperasan,-3
bertempiar,-3
bertemu roma,-4
bertendensi,-3
bertengkar,-5
bertengkar mulut,-5
bertengkaran,-4
bertengking,-4
bertentangan,-4
berteraskan,-4
berterima,-3
bertetesan,-3
bertian,-3
bertikai,-5
bertikai pangkai,-4
bertimbal,-3
bertimbang,-3
bertimpa-timpa,-3
bertindak,-4
bertindik,-3
bertingkuh,-4
bertinju,-4
bertitikan,-3
bertokok,-3
bertolak,-2
bertonggakkan,-4
bertransformasi,-3
bertuah,-3
bertubrukan,-4
bertudung lingkup,-5
bertumbangan,-3
bertumbuk,-4
bertumbukan,-4
bertunjangkan,-4
berubah akal,-2
berubah ingatan,-3
berugi,-5
berulah,-4
berumpun,-3
berumur,-2
beruntun,-3
berurine,-3
berus,-4
berusuh,-5
berziarah,-4
berzina,-4
besar dada,-2
besar kepala,-4
besar mulut,-4
besar perut,-3
besar rabu,-3
besi tua,-4
besit,-2
besot,-3
beta,-3
betas,-3
bete,-5
beterjunan,-5
betina,-2
beton,-2
betung,-3
beud,-2
bhay,-3
biak,-3
biang keladi,-3
biarawati,-3
biarin,-3
biarpun,-3
bias,-2
biasin,-3
bicu,-3
bidah,-3
bidai,-4
bidas,-5
bidik,-2
biji buah,-3
biji mata,-3
biksah,-5
bilik,-3
bimbang,-5
bingit,-5
bingung,-3
bini gelap,-5
bir,-5
birah,-3
birokrat,-3
bisain,-2
bisik,-2
bison,-3
biut,-5
blangko,-3
blaster,-3
blobor,-3
block,-4
blokir,-3
bloon,-3
blur,-4
bobol,-4
bobrok,-5
bobroq,-4
bocor,-4
bodo,-5
bodo amat,-4
bodoamat,-4
bodoh,-2
bogem,-5
bogem mentah,-5
bogum,-3
bohong,-5
bokek,-5
bokep,-5
boker,-3
boksen,-5
boleh juga,-3
bolong,-3
bolos,-3
bolsak,-4
bondong,-4
bondot,-5
bongak,-5
bonggol,-4
bongkah,-2
bongkak,-3
bongkar,-3
bongkar-bangkir,-5
bongkong,-3
bongok,-3
bongsor,-2
boong,-4
borak,-4
boro,-2
borok,-5
boros,-5
bosan,-3
bosen,-4
bosman,-4
bosun,-4
boyak,-5
brengsek,-5
brokat,-4
broker,-3
bromocorah,-5
brutal,-5
bruto,-3
buah bibir,-2
buah dada,-3
buah simalakama,-3
bual,-4
bualan,-4
buang,-3
buang air,-5
buang air besar,-5
buang air kecil,-3
buang hajat,-5
buang nyawa,-5
buangan,-4
buang-buang air,-5
buari,-4
buas,-5
buaya darat,-3
bucu,-3
budak,-2
budek,-3
bufer,-3
buhuk,-4
bujukan,-3
bukan,-3
bukat,-4
bulan-bulanan,-4
bulat,-3
buletin,-3
bulevar,-4
bully,-5
bulsak,-4
buluh,-3
bulus,-5
buncah,-5
buncit,-2
bundak,-3
bundel,-5
bunduk,-3
bunga hati,-3
bungsu,-3
buntang,-4
buntet,-2
bunting,-3
buntu,-3
buntung,-5
bunuh,-5
burai,-5
buram,-3
buras,-4
buruk,-5
busuk,-5
busut,-4
buta,-3
buta hati,-4
butek,-3
butut,-5
buyut,-3
caba,-4
cabar,-4
cabau,-3
cabik,-3
cabuh,-3
cabul,-5
cabut,-5
cacat,-5
cacatan,-5
cacau,-5
cacauan,-4
caci,-5
caci maki,-5
cacian,-5
cacing,-4
cacing es,-4
cacing gelang-gelang,-4
cacing gila,-4
cacing gilig,-4
cacing ginjal,-4
cacing hati,-2
cacing hitadid,-4
cacing jantung,-4
cacing kalung,-4
cacing karawit,-3
cacing kentar,-4
cacing keremi,-4
cacing palolo,-4
cacing pipih,-4
cacing pita,-4
cacing rambut kuda,-4
cacing tambang,-2
cacing tanah,-4
cadas,-3
cagaran,-3
cahari,-3
caing,-3
cakap angin,-4
cakus,-4
calar,-3
calit,-5
campak,-4
campakkan,-4
camping,-3
campur aduk,-2
campur tangan,-5
candal,-5
candala,-5
canggung,-4
cangkul,-4
cangkum,-3
capak,-4
cape,-4
capek,-2
caplak,-4
cari muka,-4
cariin,-2
carik,-5
caruk,-4
carut,-5
catak,-4
catut,-3
cebik,-3
cecap,-5
cecer,-3
ceceran,-3
cecunguk,-5
cedera,-4
cedih,-3
cegat,-3
cekah,-4
cekak,-3
cekang,-3
cekau,-2
cekluk,-4
cekok,-3
ceku,-5
cekuh,-3
cekung,-4
cela,-4
celaan,-5
celah,-3
celaka,-5
celampak,-3
celemotan,-4
celetuk,-5
celih,-4
celomes,-4
celomok,-4
celonok,-3
celopar,-4
celoteh,-1
celuk,-3
cema,-5
cemar,-5
cemas,-3
cemat,-5
cemberut,-4
cembung,-3
cemburu,-5
cemeeh,-4
cemeh,-4
cemeti dewa,-2
cemomot,-4
cemong,-4
cemooh,-5
cemoohan,-4
cempala mulut,-5
cempek,-4
cempelung,-5
cempeng,-4
cempera,-5
cempung,-4
cemuas,-4
cena,-3
cencala,-5
cendala,-5
cengeng,-4
cengger,-3
cengkedi,-4
cengkerama,-2
cengung,-3
centang,-5
cepol,-4
cerabah,-5
cerabih,-4
ceracam,-4
ceracau,-4
cerai,-4
cerai-berai,-5
cerca,-4
cercaan,-4
cerewet,-5
cerita burung,-5
cerita khayal,-2
cerita rekaan,-4
ceriwis,-4
ceroboh,-5
ceronggah,-4
ceruk,-3
cerup,-3
cetek,-3
cetera,-4
cetus,-1
cetusan,-1
cewa,-3
cibir,-5
cicik,-4
cikun,-5
cilok,-3
cimeng,-3
cincong,-5
cingangah,-4
ciplak,-3
cirit,-5
ciuman,-3
ciut,-3
claim,-3
classy,-2
close,-2
closed,-3
cobaan,-5
cocor,-3
colak-caling,-5
coleng,-4
colong,-5
comberan,-4
comblang,-5
comeback,-2
comot,-2
compeng,-4
compes,-4
condong,-5
congek,-3
congkak,-3
congkel,-4
congor,-3
conteng,-3
coplok,-3
coreng moreng,-4
corengmoreng,-4
cotok,-3
crash,-4
cry,-3
cuai,-4
cuak,-4
cubit,-3
cuca,-3
cucok,-1
cucuk,-3
cucup,-3
cucut,-3
cuek,-4
cuekin,-3
cuka belanda,-5
cuka jawa,-5
cukupan,-3
cumbu,-3
cumbuan,-3
cunam,-3
cupet,-5
cupul,-5
cura,-3
curang,-5
curat,-1
curcol,-3
curi,-5
curiga,-3
curna,-5
curu,-3
cutel,-4
dabih,-3
dada besar,-2
dadah,-4
daging tumbuh,-4
dah,-3
dahh,-3
dahiat,-5
dahlah,-3
daif,-3
daing,-4
dajal,-5
dakap,-3
daki,-4
dalal,-3
dalalah,-5
dalih,-4
dalil,-3
dampak,-3
damprat,-4
dampratan,-5
dangkap,-3
dangkar,-4
dangkung,-3
danyang,-4
dapra,-3
darah dingin,-4
daras,-5
datang hati,-5
datuk,-4
daya muat,-2
daya serap,-2
daya tampung,-2
death,-3
debil,-5
debu,-3
dedak,-3
dedemit,-4
defekasi,-5
defisit,-3
degil,-5
dekaden,-5
dekadensi,-5
dekap,-2
dekil,-5
deklarasi,-3
delay,-3
delegasi,-4
delete,-3
demek,-4
demo,-3
demon,-3
demonstrasi,-3
dempet,-3
denai,-4
dendam,-5
dendam berahi,-3
dendeng,-4
denger,-3
dengki,-5
dengkik,-4
dengkul,-3
dengkur,-3
dengu,-3
dengung,-3
dengus,-3
dengut,-3
depak,-3
depresi,-4
deraan,-5
derai,-3
derek,-5
deriji,-4
dering,-3
derita,-5
deru,-3
derum,-4
desah,-3
desak,-2
desas-desus,-5
desau,-3
desersi,-3
desir,-2
destar,-4
detak,-3
detektif,-3
dewan,-3
diajarin,-3
diancurin,-3
diapain,-3
diare,-4
dibalik,-3
dibeliin,-1
diblock,-4
dibuang,-3
dibully,-5
didih,-4
diduain,-3
digantung,-3
diginiin,-3
digituin,-2
digresi,-4
dikangenin,-2
dikatain,-3
diketawain,-4
dikit,-4
dilarang,-3
dilema,-3
diliatin,-3
dilupain,-4
dimakan,-2
dimarahin,-5
dina,-5
dinasti,-3
dinistain,-4
dipaksa,-4
dipamerin,-3
diplomasi,-5
direksi,-3
dirimu,-1
disakiti,-5
disalahin,-3
disentri,-5
diserang,-4
disimilaritas,-4
diskredit,-4
diskrepansi,-3
disparitas,-4
distingsi,-4
distorsi,-4
disuruh,-2
ditidurin,-4
ditinggal,-4
ditolak,-4
diusir,-4
divergensi,-4
dobel,-3
dogma,-3
dogol,-5
doh,-4
domba,-3
domot,-5
dompleng,-3
dongkel,-3
dongkol,-4
dongok,-5
dosa,-4
down,-3
drama,-4
drama duka,-4
draw,-3
drop,-3
dua kali,-3
duaja,-3
duduk perut,-3
duel,-4
dugal,-5
duh,-4
dukacarita,-4
dukacita,-3
dukun,-3
dum,-3
dungkul,-4
dungu,-5
dupleks,-3
dura,-3
durhaka,-5
duri,-4
durjana,-5
durkarsa,-5
dursila,-5
dwiganda,-3
eban,-4
ecer,-2
edan,-3
edaran,-3
eek,-5
ego,-3
egois,-5
ejakulasi,-3
ejek,-4
ejekan,-4
ekang,-4
eklektis,-3
ekofraksia,-5
eks,-3
ekshibisi,-3
ekspirasi,-3
ekspos,-4
ekstasi,-3
ekstrem,-4
elak,-3
elusan,-3
elusif,-2
embah,-3
embal,-4
embarau,-3
embat,-4
embek,-3
embus,-3
emergensi,-4
emg,-1
emmm,-2
emosi,-2
empang,-3
empap,-3
empas,-3
empedal,-5
emper,-3
empos,-3
empot-empotan,-5
enas,-5
encok,-5
endemi,-5
enek,-4
engga,-4
enggan,-5
engkau,-4
entah-berentah,-3
entak,-3
entot,-2
enyah,-4
epidemi,-5
epigon,-3
erangan,-3
erik,-3
eror,-4
erot,-4
erotan,-4
erotis,-4
eroton,-4
error,-5
ex,-1
fadihat,-5
faedahnya,-1
fail,-5
fakir,-5
faktor,-4
farak,-3
faring,-5
fasid,-5
fatal,-5
feses,-5
filo,-3
fiskal,-3
fitnah,-5
fk,-4
folder,-5
fosil,-4
friksi,-5
frustasi,-3
fundamental,-4
fungsionaris,-3
gaada,-3
gaakan,-2
gabaik,-3
gabakal,-4
gabal,-5
gabas,-5
gabisa,-2
gabole,-2
gaboleh,-4
gabuk,-4
gabungan,-5
gabut,-5
gabutuh,-3
gacoan,-2
gadai,-3
gadang,-4
gaenak,-3
gagal,-4
gagap,-5
gagar,-3
gagu,-3
gaib,-5
gajadi,-3
gaje,-3
gajih,-2
gakuat,-3
galaba,-5
galak panas,-3
galas,-4
galian,-3
gamak,-4
gamam,-4
gamang,-3
gamat,-5
gamau,-4
gamungkin,-3
ganar,-4
ganas,-5
ganda,-3
gangerti,-3
ganggang,-3
ganggu,-4
ganggu jiwa,-4
gangguan jiwa,-4
gangguin,-3
ganjal,-3
gapaham,-4
gapernah,-3
gapil mulut,-4
gapuk,-3
gapura,-4
gara-gara,-5
garang,2
garib,-4
garis,-3
garis bawah,-3
garit,-3
garu,-4
garwa ampil,-5
gasak,-5
gastroenterologi,-5
gasuka,-4
gatal,-3
gatau,-1
gatel,-3
gaul,-3
gaung,-3
gausa,-3
gausah,-4
gawat,-5
gayung,-4
gblk,-4
gbs,-2
gebetan,-2
geblek,-5
gebok,-3
gebos,-3
gebu,-3
gebung,-5
gedembai,-4
gedor,-4
gegabah,-5
gegadan,-5
gegar,-3
gegetun,-4
gela,-3
geladah,-3
geladir,-5
gelagap,-2
gelantung,-4
gelap,-4
gelap mata,-3
gelatak,-4
gelecik,-4
geledah,-3
geledek,-2
geleng,-3
geletar,-4
geletik,-3
geli,-2
geliat,-3
gelibat,-2
gelicik,-3
gelingsir,-3
gelinjang,-3
gelis,-3
gelisah,-5
gelo,-2
gelogok,-3
gelongsor,-4
gelopak,-4
geluduk,-3
geluncur,-3
gelung,-3
gemal,-5
gemaung,-3
gembel,-5
gembil,-4
gemblung,-3
gembol,-4
gembrot,-3
gembul,-3
gembung,-3
gemeletek,-4
gemes,-2
gempal,-2
gempil,-4
gempur,-4
gempuran,-3
gemuruh,-3
genang,-2
genangan,-2
gencat,-5
gencet,-5
gendak,-5
gendeng,-2
gendut,-1
generasi,-3
genitalia,-3
genjang,-4
gerah,-5
gerecok,-4
geregetan,-4
gerenyot,-4
gerepes,-4
geret,-3
geretan,-4
gergaji,-1
gerhana,-2
geriap,-4
gering,-5
gering hulu,-4
germo,-5
gerombol,-4
gerombolan,-4
gerombong,-4
gersang,-3
gertak,-5
geruh,-4
getap,-4
getir,-4
getun,-4
giang,-3
gibah,-3
gidik,-4
gigit jari,-3
gila,-2
gila-gila,-4
gilak,-4
gilas,-4
gili-gili,-3
ginding,-4
gingsir,-3
giniin,-2
gituan,-3
giwang,-1
gjd,-3
gobar hati,-2
goblok,-5
godaan,-3
godain,-3
gogrok,-3
gohong,-3
golak,-5
golek,-1
gombong,-3
goncang,-3
gondok,-4
gone,-2
gonggong anjing,-3
gonggongan (anjing),-3
gonjak,-5
gontok,-4
goodbye,-3
gorek api,-4
gorong-gorong,-4
gosah,-3
gosip,-5
gosok,-5
gosong,-2
got,-3
goyah,-4
grecok,-4
grip,-4
griya,-1
grogi,-4
gua,-3
gubrisan,-2
gubuk,-2
gugatan,-5
gugup,-5
gugur,-3
gugus,-4
gulana,-4
guling,-3
gulir,-3
gulung tikar,-5
guncang,-3
guncangan,-2
gundah,-5
gundal,-3
gundik,-2
gunduk,-3
gundukan,-4
gunjingan,-5
guntur,-3
guram,-2
gurauan,-4
gurub,-5
gurun,-3
gusur,-5
guyon,-4
habis akal,-5
habitat,-2
hack,-4
hadang,-5
hadirin,-3
haih,-4
hajar,-5
hakam,-3
halah,-5
halang,-3
halilintar,-3
hama,-3
hambar,-4
hambat,-4
hambur,-3
hamburan,-3
hamik,-3
hampa,-5
hamster,-3
hancai,-5
hancur lebur,-5
hangit,-5
hangus,-3
hantam,-5
hantam kromo,-4
hantaman,-3
hanya,-2
harap-harap,-5
harap-harap cemas,-3
hardik,-5
hardikan,-5
haru biru,-5
hasud,-5
hate,-5
haters,-5
haus darah,-5
hawa,-4
hawar,-5
hayoloh,-3
hembus,-3
hempas,-4
hengkang,-4
henti tugas,-2
henyak,-4
heula,-2
hiatus,-2
hidu,-1
hidung,-5
hidung belang,-5
hih,-4
hilaf,-4
hilang,-3
hilang akal,-5
hilang arwah,-4
hilang hayat,-4
hilang ingat,-4
hilang ingatan,-4
hilang nyawa,-5
hilang pikiran,-4
hilang semangat,-4
himpun,-3
himpunan,-4
hina,-5
hina aib,-4
hina rendah,-3
hinaan,-5
hinaan cacian,-5
hipotesis,-3
hirap,-3
hirup,-3
hisap,-3
histeria,-5
histeris,-4
hoax,-5
hop,-5
horor,-5
hubungan singkat,-4
huda,-3
huhuu,-4
hujah,-4
hujat,-5
hujung,-3
hulu,-3
huma,-4
huni,-3
hunjam,-4
hutang,-5
iblis,-4
idap,-5
idih,-3
idiot,-5
idk,-3
ifrit,-4
igau,-3
igauan,-3
ihh,-5
ihhh,-4
ihhhh,-3
ihwal,-4
iih,-5
ikan kena tuba,-4
ikat rambut,-4
ikut-ikutan,-3
ilang,-5
ilat,-5
iluminasi,-3
image,-2
imbas,-4
imbesil,-5
iming-iming,-3
impas,-3
implementasi,-4
implikasi,-3
impoten,-5
inai,-4
inaugurasi,-3
incang-incut,-4
incess,-3
incit,-4
indehoi,-3
indo,-3
indolen,-4
indolensi,-4
induk semang,-4
indusemen,-3
inersia,-4
inferior,-4
inferioritas,-5
influensa,-3
inga,-4
ingar,-5
ingetin,-2
ingkar,-4
ingsut,-3
inheren,-4
inhibisi,-4
injakan,-3
injek,-3
inkarnasi,-1
inklinasi,-3
insane,-4
instansi,-3
instruksi,-3
interlokusi,-3
intiha,-3
intimidasi,-5
intrakalimat,-5
intrinsik,-4
invalid,-5
inventori,-3
ira,-3
iri,-5
iri hati,-5
iringan,-4
iring-iringan,-4
irsyad,-3
isak,-5
isap jempol,-3
isapan jempol,-3
iseng,-3
ish,-4
isotop,-3
istan,-5
isu,-1
isukan,-1
item,-4
itunya,-2
iyain,-2
iyak,-2
iyasih,-2
jaat,-3
jabang bayi,-3
jabat,-3
jadul,-3
jahad,-4
jahanam,-5
jahat,-4
jahatin,-3
jahatnya,-4
jahil,-4
jahit,-5
jail,-4
jajah,-5
jajal,-4
jajaran genjang,-4
jalan arteri,-4
jalan bentar,-4
jalan buntu,-4
jalan layang,-4
jalan lingkar,-4
jalan protokol,-4
jalan raya,-4
jalan setapak,-4
jalan tikus,-4
jalan tol,-4
jalanan,-4
jalang,-4
jalu,-4
jalur,-4
jamah,-5
jambak,-5
jambret,-5
jangan,-3
jangan senang,-2
jangann,-3
janggal,-4
jangkit,-5
jantung hati,-3
jarah,-4
jarang pembeli,-2
jaras,-5
jariji,-4
jarum,-4
jaruman,-5
jatohnya,-1
jatuh,-3
jauhin,-3
jawatan,-3
jealous,-3
jebeh,-5
jeblok,-5
jedot,-4
jejap,-4
jelabak,-3
jelata,-5
jelek,-5
jelingah,-3
jelma,-3
jelukan,-3
jelus,-2
jemari,-4
jembalang,-4
jembel,-5
jenaka,-3
jenazah,-4
jendala,-5
jendera,-4
jenewer,-4
jengkang,-5
jengkel,-4
jentaka,-5
jepit,-4
jeput,-3
jera,-3
jeran,-3
jerat semata,-3
jerawat,-3
jereket,-3
jerepet,-3
jeri,-3
jeriji,-4
jeringing,-4
jerit,-3
jeritan,-5
jerum,-4
jigong,-4
jihat,-4
jiji,-4
jijik,-5
jilat,-3
jilatan,-3
jilid,-5
jin,-3
jleb,-3
jobak,-3
jolak,-3
jompo,-3
jones,-3
jongkok,-5
jorok,-5
jorong,-3
jotos,-5
jual murah,-3
judes,-4
junior,-4
junjung,-2
junjungan,-2
jurik,-4
juru damai,-3
jutek,-5
jutekin,-5
juwita,-4
kabar angin,-2
kabar burung,-5
kabeh,-2
kabil,-4
kabin,-3
kabinet,-3
kabur,-2
kabut,-2
kacang botor,-3
kacangan,-4
kacek,-4
kacip,-3
kacrek,-3
kacuk,-4
kada,-3
kadam,-3
kadang,-2
kafetaria,-4
kafilah,-4
kagak,-3
kaidah,-4
kakas,-3
kaki ayam,-3
kalah,-4
kalang tanah,-2
kalang-kabut,-4
kalimantang,-3
kalimat,-3
kalor,-4
kalut,-3
kambing hitam,-3
kambuh,-4
kampit,-1
kampret,-5
kampungan,-5
kanak-kanak anyir,-3
kandas,-5
kandut,-3
kanji,-3
kantong kering,-4
kantong perut,-5
kantong tipis,-4
kanun,-3
kapah,-2
kapal,-3
kapok,-3
kapuk,-3
karangan,-4
karavan,-4
kardinal,-4
karin,-2
karu,-5
karut,-5
kasam,-3
kasemat,-3
kasep,-4
kasian,-3
kasiku,-4
kasim,-4
kasip,-5
kata-,-4
kata-kata,-4
kaus,-4
kawaei,-2
kayangan,-5
kayanya,-2
ke belakang,-5
keaiban,-5
keanehan,-4
keasingan,-4
kebabaran,-2
kebaca,-1
kebalik,-3
kebangunan,-5
kebas,-3
kebat,-3
kebejatan,-5
kebentok,-4
kebimbangan,-4
kebingungan,-3
kebirahan,-3
kebiri,-4
kebisuan,-4
kebo,-4
kebobrokan,-4
kebodohan,-3
keburu,-3
keburukan,-5
kebusukan,-5
kecabuhan,-3
kecabulan,-5
kecaman,-5
kecamuk,-4
kecantol,-3
kecapan,-4
kecapekan,-3
kecek,-3
kecelakaan,-5
kecemasan,-4
keceriaan,-1
kecerobohan,-5
kecewa,-4
kecil hati,-4
kecintaan,-3
kecipir,-3
kecoa,-3
kecut,-4
kedai minuman,-4
kedaifan,-3
kedaluwarsa,-3
kedapatan,-2
kedengkian,-5
keder,-4
kedinginan,-3
kedukaan,-4
kedung,-3
kedut,-4
kegaduhan,-3
keganjilan,-4
kegedean,-2
kegegeran,-3
kegelisahan,-4
kegemparan,-4
kegeruhan,-4
kehampaan,-3
keheningan,-4
kehilangan,-4
kehinaan keaiban,-4
kehuru-haraan,-4
keinget,-2
kejam,-4
kejangkitan,-4
kejar,-3
kejedot,-4
kejelekan,-5
kejepit,-4
kejernihan,-3
keji,-5
kejorokan,-5
kekacauan,-4
kekang,-4
kekecewaan,-3
kekecohan,-5
kekejian,-5
kekeramatan,-5
kekerasan,-4
kekhawatiran,-4
kekosongan,-3
kekotoran,-5
kekurangan,-3
kekusutan,-4
keladi,-3
kelainan,-4
kelakar,-4
kelam,-4
kelam kabut,-4
kelambanan,-4
kelamin,-3
kelangkan,-3
kelasah-kelusuh,-5
kelatahan,-5
kelati,-3
kelebihan,-3
kelelahan,-3
kelemahan,-4
kelembaman,-3
kelengangan,-4
kelengar,-4
kelesa,-4
kelesah,-5
kelesuan,-5
keletah,-3
keletihan,-3
kelimut,-3
keling,-3
kelipar,-4
kelir,-3
kelok,-2
kelompang,-3
kelompok,-5
keloyoan,-3
kelu,-3
keluarkan,-3
kelucahan,-5
keluhan,-3
kelusuh-kelasah,-5
kemakmuran,-3
kemaknagandaan,-3
kemalangan,-5
kemaluan,-3
kemamang,-4
kemandang,-3
kemasukan,-3
kemasygulan,-3
kematian,-5
kemayu,-3
kemban,-5
kembung,-3
kemerosotan,-5
kemesuman,-5
kemik,-3
kempa,-3
kempes,-4
kemunduran,-5
kemuraman,-5
kemurkaan,-5
kemurungan,-5
kenahasan,-2
kenapaaa,-3
kenapasih,-3
kencing,-3
kendati,-3
kendatipun,-3
kenes,-3
kenestapaan,-3
kenistaan,-5
kentut,-2
kenyataannya,-2
kenyih,-4
keok,-2
keonaran,-5
kepala angin,-3
kepala batu,-3
kepala udang,-3
kepalan,-5
kepalang,-3
kepanikan,-4
keparat,-5
kepayahan,-3
kepedihan,-5
kepelikan,-4
kepenatan,-4
kepencet,-2
kepeng,-2
keperihan,-5
kepetangan,-3
kepialu,-4
kepincangan,-4
kepindahan,-3
kepinding,-5
kepompong,-5
keputusasaan,-5
kera,-3
kerabit,-3
kerabu,-5
kerai,-4
kerajaan,-3
kerak,-2
kerakal,-3
keramat,-3
keran,-4
keras kepala,-4
kerasukan,-5
kerat,-1
kerawanan,-4
kerbau,-3
kerdak,-4
kerekau,-3
keremus,-4
kerepotan,-3
kereseng,-4
keretakan,-4
keri,-4
keributan,-5
kerik,-3
kerikil,-3
keris,-4
kerising,-4
keriuhan,-3
kerjain,-3
kernyih,-4
kerok,-3
keropok,-3
keropos,-3
kerosek,-3
kerubut,-3
kerugian,-5
keruh,-4
kerumit,-5
kerumitan,-5
kerusuhan,-5
kerut,-2
kerut merut,-3
keruwetan,-4
kesahihan,-3
kesal,-2
kesalahan,-5
kesambet,-3
kesayuan,-2
kesebalikan,-2
kesedihan,-5
kesejukan,-3
kesel,-5
keseleo,-3
kesendirian,-4
kesenduan,-2
kesengsaraan,-5
kesenjangan,-4
kesentuhan,-3
kesenyapan,-4
kesepian,-4
keseser,-4
keset,-4
kesetanan,-3
kesi,-3
kesialan,-5
kesian,-3
kesiannya,-4
kesibukan,-3
kesomplok,-4
kesudahan,-3
kesukaran,-4
kesulitan,-5
kesumat,-4
kesunyian,-3
kesuraman,-5
kesurupan,-5
kesusahan,-5
kesusupan,-2
ketahuan,-5
ketaksaan,-5
ketakutan,-4
ketar,-3
ketat,-3
ketauan,-4
ketelanjuran,-5
keteledoran,-4
ketenangan,-4
keterkaitan,-3
keterlibatan,-3
ketewasan,-3
ke-tidakjelasan,-5
ketidaktentuan,-5
ketiduran,-3
ketimpangan,-4
ketinggalan,-3
ketinggian,-2
ketuat,-4
ketul,-3
ketulahan,-4
ketularan,-4
ketumbukan,-4
ketupat bangkahulu,-5
ketupat bengkulu,-5
ketus,-4
kewalahan,-3
kgk,-3
khabis,-3
khafi,-5
khalifatullah,-4
khalwat,-3
kharab,-5
khasi,-4
khatimah,-3
khianat,-4
khilaf,-4
khinzir,-4
khisit,-5
kial,-4
kiamat,-3
kicauan,-4
kicik,-3
kidib,-3
kikis,-5
kilah,-4
kilang,-3
kincit,-5
kirai,-3
kisi,-3
kisikan,-3
kisi-kisi,-4
kisruh,-3
kobar,-2
kobaran,-3
kocar-kacir,-5
kocok,-3
kodok,-2
kohor,-3
koit,-5
kojor,-3
kolaps,-5
kolera,-4
kolesterol,-1
kolot,-5
komat-kamit,-3
kompleksitas,-4
komplikasi,-3
kompor,-4
konflik,-2
kongkalikong,-4
kongkong,-3
konglomerasi,-4
konkretisasi,-3
konkurensi,-4
konotasi,-3
konsekuensi,-3
konsistensi,-3
konspirasi,-2
kontaminasi,-4
kontol,-5
kontradiksi,-3
kontroversi,-4
konveks,-3
konyol,-3
koplo,-3
kopong,-4
kopyor,-4
korban,-4
korup,-5
korupsi,-4
kosong,-4
kot,-1
koteng,-3
kotor,-5
kotoran,-5
koyak,-3
koyak-koyak,-5
krg,-2
krisis,-4
krista,-4
kritik,-5
kritikan,-5
kritis,-5
kroco,-4
kromatis,-3
kronis,-5
kronologi,-1
kualat,-4
kubang,-3
kucar-kacir,-5
kufur,-5
kukul,-3
kukur,-3
kulak,-3
kumandang,-3
kumat,-4
kumuh,-4
kunarpa,-4
kungkungan,-3
kuno,-5
kuota,-2
kurang,-3
kurang adat,-5
kurang ajar,-5
kurang cocok,-3
kurang darah,-4
kurang pikiran,-3
kurang sopan,-2
kurbal,-3
kurban,-3
kurung,-3
kurungan,-4
kurusuhan,-4
kusut,-4
kusut hati,-5
kusut pikiran,-4
kutil,-4
kutu busuk,-4
kutu loncat,-4
kutuk,-5
kutut,-3
kuwur,-4
kuyu,-5
kuyup,-3
kzl,-5
labil,-2
laboratorium,-3
labrak,-4
labuda,-3
lacur,-5
ladah,-5
ladang,-4
lahang,-3
lahir kembali,-3
laif,-5
laik,-5
lajat,-5
laknat,-5
lalai,-4
lalat hijau,-5
lalat kerbau,-4
lali,-4
lalim,-5
lalu dr dunia,-5
laluan,-4
lama datangnya,-2
lama masak,-2
lama nunggu,-2
lama ordernya,-2
lama pelayanannya,-2
lambat datangnya,-2
lambat ordernya,-2
lambat pelayanannya,-2
lambat-lambat,-4
lancang,-5
lancang mulut,-4
lancip,-4
lancut,-4
landasan (pesawat udara),-4
langah,-3
langau,-4
langis,-5
langkan,-3
langkap,-3
langking,-4
langsai,-3
langsuir,-4
lanjut umur,-3
lanjut usia,-3
lantaran,-4
lanyak,-3
lap,-5
lap kaki,-2
lapang hati,-1
laporan,-5
laporin,-3
lapuk,-5
lara,-5
larat,-3
larat hati,-3
lari-lari,-2
lasat,-5
lata,-5
laten,-5
latihan,-2
latisan,-4
lau,-2
laur,-4
layon,-4
layu,-4
layuh,-3
ldr,-2
leave,-3
lebar mulut,-4
lebay,-4
lebu,-3
lebur,-5
leburan,-3
lecap,-4
leceh,-5
lecet,-4
ledak,-4
ledekan,-5
ledes,-3
leduk,-4
legalisasi,-3
lekap,-3
lekat,-3
lekukan,-3
lela,-4
lelembut,-4
leler,-4
lelucon,-4
lelung,-3
lemau,-4
lembaga,-3
lembam,-4
lembap,-4
lembek,-2
lembeng,-4
lembu,-3
lembu hutan,-3
lembu liar,-3
lembung,-3
lemes,-3
lemot,-5
lencana,-3
lendeh,-3
lengah,-4
lengang,-4
lengas,-4
lenggana,-4
lengket-lengket,-3
lengkur,-3
lenguh,-4
lenyap,-5
lenyap daratan,-4
lepas,-2
lepas tangan,-3
lepasan,-3
lepaskan,-2
lepra,-5
lerak,-4
lesap,-3
lesit,-1
lesu,-4
leta,-5
letup,-3
letus,-4
lever,-2
lewat,-2
lewat batas,-4
leyu,-4
liang,-3
liang jimak,-4
liang sanggama,-4
lieur,-3
lilit,-3
lindap,-3
linggis,-4
lingkar,-3
lingkup,-5
linguis,-3
lintah darat,-3
lintar,-3
lintasan,-4
lipat dua,-3
liplap,-3
lirih,-3
lisong,-3
lisut,-4
liwa,-3
loakan,-4
lock,-2
loksek,-4
loloh,-3
lombong,-3
londang,-3
loneng,-3
longgok,-3
lopak,-4
lopak-lapik,-4
lorong,-4
lost,-3
lot,-5
lotong,-4
luak,-3
lubang jarum,-5
lubuk,-3
lucah,-5
lucunya,-2
lucut,-3
luda,-3
ludes,-5
luka,-5
luluh lantak,-5
lumat,-4
lumut,-3
luncas,-3
lungkang,-4
lungse,-4
lupa,-3
lupa daratan,-3
lupa diri,-3
luput,-3
lusuh,-5
lutu,-4
lutut,-2
luyu,-1
mabok,-4
macem,-2
macis,-4
madani,-4
madat,-3
mafia,-5
mager,-4
maghrib,-2
mahal,-3
maherat,-4
mahh,-3
mahkamah,-3
maho,-4
main kayu,-3
main mata,-5
main muda,-3
main tangan,-5
mainin,-2
mainstream,-3
mairat,-5
majikan,-3
makan bawang,-5
makelar,-3
makhluk halus,-4
maki,-5
makian,-5
makmum,-3
maksa,-5
maksudnya,-1
mala,-5
malak,-4
malang,-5
malapateka,-3
malapetaka,-5
malas,-4
malem,-1
males,-4
malesin,-4
malu,-3
malu mata,-4
mam,-5
mamah,-4
mamang,-4
mambang,-4
mampus,-5
manasuka,-4
maneh,-3
mangau,-4
manggak,-5
mangkas,-2
mangkel,-4
mangkir,-3
manifestasi,-3
manipulator,-4
manjaan,-3
mansukh,-4
mantannya,-3
manuver,-3
mara,-4
marah,-5
marahin,-4
mariyuana,-3
maruk,-3
masa bodoh,-4
masai,-4
mata betung,-3
mata ikan,-4
mata keranjang,-4
mata-mata,-3
matanya,-2
mati pucuk,-5
matiin,-2
maula,-4
maunya,-1
mayat,-4
mayit,-4
mbeling,-2
mblo,-3
meh,-5
melabrak,-5
melahap,-5
melaknat,-5
melaksanakan,-3
melalah,-4
melalak,-3
melalap,-4
melampau,-4
melandai,-3
melanggar,-5
melankoli,-5
melankolis,-2
melantak,-4
melar,-2
melarang,-3
melarat,-4
melawat,-4
melayang,-3
meledak,-4
meleja,-5
melekat,-4
melelah,-3
melelapkan,-3
melemah,-3
melembung,-3
melempem,-2
melenceng,-3
melenyapkan,-5
melepas,-5
melepaskan,-5
melepek,-4
melesap,-3
meleset,-3
melesit,-1
melet,-3
meleting,-3
melibas,-4
meligih,-4
melindap,-3
melindur,-3
melingkupi,-3
melintang,-4
meliputi,-3
meloloh,-3
meloya,-4
melubangi,-3
melukat,-4
melulu,-3
meluluhlantakkan,-4
melumangkan,-5
melumatkan,-4
melumur,-4
melunyah,-3
melupai diri,-3
melupakanmu,-3
memacak,-4
memadatkan,-3
memakan,-4
memaki,-5
memaku,-3
memalak,-4
memaling,-5
memamah,-4
memampat,-3
memanaskan,-4
memanas-manasi,-3
memanggang,-4
memangku,-3
memangnya,-2
memantak,-4
memantang,-4
memapas,-5
memarahi,-5
memarak,-3
memarap,-3
memasak,-3
mematung,-3
mematut-matut,-3
membabar,-1
membabat,-4
membabi buta,-4
membahana,-3
membaik,-3
membajak,-5
membakar,-4
membalik belakang,-5
membandel,-5
membanding,-3
membandingkan,-3
membandungi,-1
membangunkan,-4
membanjiri,-3
membantai,-4
membantar,-4
membanting,-4
membasmi,-5
membatasi,-3
membawa berat,-3
membawang,-5
membawat,-5
membayankan,-4
membeber,-4
membeda-bedakan,-3
membegal,-5
membekam,-4
membekap,-3
membekas,-3
membelai,-4
membelot,-5
membembam,-4
membencanai,-4
membenci,-5
membendung,-3
membentak,-5
membentur,-3
memberangsangkan,-4
memberantas,-5
memberhentikan,-5
membesar,-2
membeset,-4
membeslah,-4
membiak,-3
membiarkan,-3
membidikkan,-2
membinasakan,-5
memble,-3
membobol,-5
membocorkan,-4
membohong,-4
membohongi,-3
membolos,-3
membonceng,-3
membongkar,-4
membopong,-3
membosankan,-3
membual,-4
membuang,-4
membuang nyawa,-5
membuktikan,-4
membukukan,-5
membuncahkan,-4
memburukkan,-5
memecah,-4
memecatkan,-5
memedi,-4
memegang,-4
memegat,-3
memejalkan,-3
memek,-5
memekik,-3
memenangi,-5
memendek,-3
memenggal lidah,-5
memergoki,-5
memeriksa,-5
memerli,-5
memerusa,-4
memetuahkan,-3
memfatwakan,-3
memfitnah,-4
memidana,-3
memihakkan,-4
memijak,-3
memikirkan,-3
memikul,-5
memilin,-5
memipihkan,-3
memojokkan,-4
memomokkan,-5
memorakporandakan,-3
memosisikan,-5
memotong,-3
memperapikan,-2
memperbandingkan,-3
memperduakan,-3
memperkacaukan,-4
memperkeruh,-4
mempermudah,-3
memperolahkan,-4
mempersakiti,-5
mempertaruhkan,-3
mempertenggangkan,-3
memuakkan,-5
memukuli,-4
memungut,-2
memupus,-5
memusnahkan,-5
memusuhi,-5
memvonis,-3
menabrak,-3
menadaburkan,-3
menafakurkan,-3
menafikan,-4
menagak,-5
menagih,-3
menahan,-5
menahankan,-2
menahun,-5
menakali,-4
menakjubi,-1
menaklukkan,-4
menakutkan,-4
menamatkan riwayatnya,-3
menambak,-5
menambus,-4
menampak,-4
menampakkan,-4
menampakkan diri,-3
menampel,-3
menampik,-4
menancap,-4
menangap,-5
menanggang,-5
menanggulangi,-5
menanggung,-2
menanggungkan,-5
menangis,-5
menangkal,-4
menangkap tangan,-5
menantang,-4
menarik napas penghabisan,-5
menaruh syak,-3
menasihatkan,-3
menata,-2
mencabarkan,-4
mencabau,-4
mencaci,-5
mencaci-maki,-5
mencagil,-4
mencagun,-3
mencair,-1
mencak,-5
mencakar,-4
mencak-mencak,-5
mencalit,-3
mencampurbaurkan,-4
mencamuk,-4
mencangkum,-3
mencaplok,-3
mencarak,-3
mencari,-3
mencatut,-3
mencebur,-5
mencecah,-3
mencecak,-3
mencederai,-4
mencegah,-5
mencegat,-3
mencekak,-4
mencekam,-4
mencekau,-2
mencekik,-4
mencekuh,-3
mencela,-5
mencelakai,-5
mencelampakkan,-3
menceluk,-3
mencemari,-4
mencemat,-5
mencemooh,-5
mencemplung,-5
mencempung,-4
menceng,-4
mencengkam,-4
mencengkau,-4
mencengkelong,-5
mencengkeram,-4
mencepung,-5
menceracau,-3
mencerat,-3
mencerca,-5
menceret,-5
mencerkau,-4
mencerup,-3
mencetak,-5
mencibir,-5
mencibirkan,-5
mencicik,-5
mencilok,-3
mencirit,-5
mencium,-3
mencium tanah,-5
menciut,-3
mencoblos,-3
mencocok,-3
mencolong,-5
mencomot,-4
menconteng,-3
mencontengkan,-3
mencopet,-5
mencoreng,-4
mencoret,-3
mencret,-4
mencuca,-5
mencucuk,-3
mencucut,-3
mencukupi,-3
mencungkil,-4
mencura,-5
mencurat,-1
mencuri,-5
mencuru,-3
mendakwa,-4
mendamprat,-4
mendangkung,-3
mendapati,-4
mendasar,-4
mendaulat,-5
mendebarkan,-4
mendedahkan,-4
mendekap,-3
mendemonstrasikan,-4
mendengu,-3
mendengung,-4
menderita,-5
mendesak,-4
mendiami,-3
mendiamkan,-3
mendidih,-3
mendidis,-4
mendindingi,-5
mendingan,-3
mendiskreditkan,-4
mendompleng,-3
mendongkolkan,-5
mendorong,-4
mendung,-3
mendungas,-3
menduri,-4
mendusta,-4
mendustai,-3
menebalkan,-3
menebat,-3
menebeng,-3
menebuk,-3
menegah,-5
menegangkan,-4
menegapkan,-3
meneguhkan,-3
meneguk,-3
menekan,-3
menekankan,-3
menelanjangi,-4
menembis,-5
menembok,-1
menempati,-3
menempel,-3
menendang,-5
menenes,-2
menenggang,-3
menengkar,-5
menengking,-5
menentang,-5
menep,-3
menepis,-3
menerbankan,-4
menerima kenyataan,-4
menerjang,-3
menerjunkan,-5
menerpa,-3
menetes,-3
mengabar,-5
mengabdi,-3
mengabsorpsi,-3
mengabulkan,-3
mengacak,-4
mengacaukan,-4
mengada,-3
mengada-ada,-4
mengadang,-3
mengadili,-4
mengaduk,-4
mengagak-agak,-3
mengalah,-2
mengalihkan,-5
mengamalkan,-4
mengambang,-5
mengamput,-3
mengandung,-3
mengandut,-3
menganeksasi,-5
menganggur,-4
mengantara,-3
mengantarai,-3
mengap,-3
mengapkir,-4
mengarah,-4
mengarau,-4
mengaret,-3
mengarik,-3
mengasuh,-2
mengata-ngatai,-5
mengaur,-3
mengawali,-3
mengawasi,-2
mengayun,-3
mengayunkan,-3
mengazab,-3
mengazabkan,-3
mengebiri,-3
mengebumikan,-3
mengecerkan,-2
mengecewakan,-3
mengedrop,-4
mengedut,-5
mengejar,-4
mengejawantah,-3
mengejek,-4
mengejikan,-3
mengejutkan,-3
mengekang,-4
mengekol,-3
mengelakkan,-4
mengelih,-4
mengelis,-3
mengelukan,-2
mengembat,-5
mengembus,-4
mengempang,-5
mengempaskan,-3
mengempis,-3
mengemu,-3
mengemukakan,-3
mengenangkan,-3
mengencang,-3
mengendur,-3
mengenjak,-3
mengentak,-3
mengerem,-2
mengeremus,-4
mengerik,-3
mengerinyau,-3
mengerkau,-4
mengernai,-4
mengerubuti,-4
mengeruh,-3
mengerut,-3
mengesak,-3
mengesampingkan,-4
mengesan,-3
mengesel,-5
mengesup,-3
mengetepikan,-4
mengetes,-3
menggabungkan,-3
menggadaikan,-3
menggaduhkan,-4
menggaet,-5
menggagalkan,-3
menggalakkan,-4
menggalakkan memanas-manasi,-3
menggali-gali,-4
menggampangkan,-3
mengganas,-4
mengganas bercabul,-4
mengganjarkan,-3
menggarangkan,-4
menggarit,-3
menggarong,-5
menggasak,-5
menggebos,-5
menggelabu,-4
menggelabur,-5
menggelapkan,-4
menggelecik,-3
menggeleng,-3
menggeletar,-4
menggeliat,-3
menggeligi,-4
menggeligis,-4
menggelingsir,-3
menggelinyau,-3
menggelisahi,-4
menggelogok,-3
menggelorakan,-4
menggelup,-4
menggema,-4
menggemaskan,-5
menggempur,-4
menggemuruh,-4
menggentarkan,-4
menggeramus,-4
menggerebek,-3
menggerenyam,-3
menggeret,-3
menggerinjam,-4
menggigih,-4
menggigil,-4
menggigis,-4
menggila,-4
menggilas,-4
menggodai,-3
menggondol,-5
menggoyahkan menggerakkan,-4
menggoyang,-3
menggoyangkan,-4
menggugat,-4
mengguguk,-5
menggulung,-4
mengguncangkan,-4
menggunting,-3
menggunung,-3
menggusari,-3
menghabisi,-4
menghabiskan,-4
menghalai-balaikan,-4
menghalang,-4
menghambat,-3
menghamuni,-5
menghancurkan,-4
menghancurluluhkan,-4
menghanguskan,-3
menghantui,-4
menghapus,-4
mengharamkan,-3
mengharap,-3
menghardik,-5
mengharubirukan,-4
mengharukan,-4
menghasut,-4
menghebat,-4
menghembalang,-3
menghempas,-4
menghempaskan,-4
mengheningkan,-3
menghentikan,-5
menghidu,-1
menghilang,-3
menghina(kan) melanyak,-5
menghinap-hinap,-3
menghindarkan,-4
menghinggapi,-3
menghinggut,-3
menghirup,-3
menghisap,-1
menghitamkan,-4
menghujat,-4
menghukumkan,-3
menghulu,-3
menghuni,-3
menghunjam,-4
mengias,-4
mengidamkan,-2
mengikhtisarkan,-3
menginapkan (jenazah),-3
mengingkari,-4
mengingsar,-3
mengingsut,-3
menginjak,-3
menginjeksi,-3
menginsinuasi,-4
menginterupsi,-5
mengirap,-3
mengirik,-3
mengirikan,-4
mengiris,-4
mengisbatkan,-3
mengisruhkan,-4
mengistimewakan,-3
mengkaji,-5
mengkhianat,-4
mengkhianati,-5
mengobarkan,-4
mengogah,-3
mengoleng,-3
mengolet,-3
mengompori,-4
mengonarkan,-4
mengonfirmasi,-4
mengonslah,-5
mengonsumsi,-4
mengonyok,-3
mengorek,-4
mengorek-ngorek,-4
mengorok,-3
mengorup,-5
mengotori,-5
mengoyak,-4
mengoyak-oyak,-4
mengoyok,-4
menguar,-3
menguatkan,-3
mengubrakan,-3
mengubur,-3
menguburkan,-3
mengucur,-3
mengudak,-4
menguit,-4
menguji,-5
mengumandang,-4
mengumbar,-3
mengumpat,-4
mengumpul,-3
mengunyah,-4
mengusai,-2
mengusap,-4
mengusir,-4
mengutil,-4
mengutuk,-5
menguyuh,-3
menidurkan,-4
menikam,-4
menikmati,-3
menilai,-4
menilap,-4
menimangkan,-3
menimang-nimang,-3
menimbang,-3
menimbang-nimbang,-3
menimpa,-3
menimpuk,-5
menindas,-5
meninggal,-4
meninggalkan,-4
meninggi,-2
meningkah,-5
meninju,-3
menipis,-3
menipu,-3
menir,-4
menista,-4
menitis,-3
menjahatkan,-4
menjalari,-3
menjambret,-5
menjamin,-5
menjapit,-4
menjarah,-4
menjarak,-3
menjaraki,-3
menjatuhkan,-4
menjauh,-3
menjauhkan,-4
menjebol,-3
menjeburkan,-5
menjejak,-4
menjejaki,-4
menjelek-jelekkan,-4
menjelma,-3
menjemukan,-3
menjenguk,-4
menjepit leher,-4
menjeramah,-4
menjerit,-3
menjerkah,-5
menjijikkan,-5
menjilat,-3
menjilat-jilat,-2
menjiplak,-3
menjodohkan,-3
menjolok,-3
menjotos,-3
menjual,-5
menjunam,-4
menodai,-5
menolak,-4
menoleransi,-3
menolok,-3
menongkrongi,-3
menonjok,-3
menonjolkan,-3
mentang,-3
mentang-mentang,-4
mentok,-5
mentolo,-2
mentransformasikan,-5
menuba,-5
menubruk,-3
menugaskan,-1
menuguri,-3
menukik,-4
menular,-4
menumang,-4
menumpang,-3
menumpas,-5
menumpuk,-3
menundukkan,-4
menunggangkan,-1
menunggu,-3
menunggui,-3
menunggunya,-2
menunjang,-3
menuntut,-3
menunukan,-4
menurun,-3
menurunkan,-5
menusuk,-4
menusuk-nusuk,-4
menutup,-3
menyabak,-5
menyabet,-5
menyabot,-3
menyabung,-3
menyabung (nyawa),-3
menyadau,-3
menyadran,-4
menyagang,-3
menyakar,-5
menyakatkan,-4
menyakiti,-5
menyakitkan,-4
menyalak,-3
menyalakan,-4
menyamakan,-3
menyaman,-4
menyampah,-4
menyampingkan,-4
menyampuk,-3
menyandingkan,-2
menyanggah,-4
menyanggupi,-5
menyangkak,-5
menyangkak hati,-4
menyantak,-3
menyantap,-4
menyapu-nyapu,-4
menyatroni,-5
menyatu,-4
menyatukan,-3
menyawar,-5
menyayat,-4
menyayat hati,-4
menyayung,-4
menyebelah,-3
menyebelahkan,-5
menyeberang,-3
menyedihkan,-4
menyedot,-3
menyegam,-4
menyeka,-4
menyekar,-4
menyela,-5
menyelak,-4
menyelakkan,-5
menyelang,-5
menyelar,-4
menyelekehi,-3
menyelentik,-4
menyelidiki,-5
menyelinap,-5
menyelir,-5
menyelubungi,-3
menyeluk,-3
menyelundupi,-3
menyeluruhi,-3
menyelusuh,-3
menyelusur,-3
menyemak,-5
menyemangati,-4
menyemangatkan,-3
menyembam,-4
menyembarangi,-5
menyembilu,-4
menyembulkan,-3
menyembunyikan,-3
menyemir,-5
menyemprot,-5
menyengat,-4
menyenggak,-5
menyenggau,-4
menyentak,-5
menyepuk,-5
menyerah,-4
menyerahkan jiwa raga,-4
menyeramkan,-4
menyerampang,-5
menyerang,-3
menyerap,-3
menyerbu,-5
menyerobot,-5
menyeruput,-3
menyesak,-4
menyesalkan,-5
menyesap,-3
menyesar,-3
menyeterui,-5
menyetor,-3
menyetrap,-3
menyetubuhi,-3
menyiar,-4
menyiasat,-3
menyiat,-4
menyibuk,-2
menyikat,-5
menyiksa,-5
menyikut,-5
menyilam,-3
menyimpang,-4
menyindir,-4
menyinggang,-4
menyingkap,-4
menyingkapkan,-4
menyingkirkan,-4
menyirapkan,-4
menyisihkan,-2
menyisikan,-4
menyita,-5
menyodok,-3
menyodorkan,-3
menyogok,-5
menyolang,-3
menyolidkan,-3
menyolot,-4
menyongsong,-2
menyorong,-3
menyorongkan,-3
menyuapi,-3
menyulam,-5
menyulut,-4
menyumpahi,-5
menyunat,-5
menyunduk,-3
menyundut,-3
menyunggit,-4
menyungguhkan,-3
menyungkit,-4
menyuntik,-3
menyunu,-2
menyurihkan percakapan,-5
menyurut,-3
menyusup,-3
menyusut,-2
meraban,-4
meracik,-4
meradang,-4
meragu,-4
meragukan,-3
merajalela,-4
merajam,-5
meralip,-5
merambak,-3
merampang,-4
merampas,-4
merampok,-5
merampus,-5
merana,-4
merancukan,-4
merandu,-4
meranggah,-3
merangkak,-3
merangkam,-4
merangkup,-3
merangkus,-4
merangsang,-4
meranyah,-5
merapatkan,-3
merapunkan,-4
merasi,-3
merasuk hati,-3
meraut,-3
merayah,-5
merayap,-3
merayapi,-3
merayau,-4
merdesa,-5
merebahkan,-3
merebak,-3
merebut,-3
merecok,-4
meredik,-5
meredup,-3
merefleksikan,-3
merejeng,-3
mereken,-3
meremang,-3
merembes,-3
merembet,-4
meremukkan,-4
merencah,-4
merentak,-3
merentang-rentang,-5
merenungi,-3
merenyam,-3
meresahkan,-4
meretek,-3
meriang,-4
meriba,-3
merincis,-4
merincukan,-4
merinding,-3
merindingkan,-4
merinin,-3
merintangi,-4
merisak,-4
merobek,-4
merobohkan,-5
merogoh,-3
merogok,-3
merompak,-5
meronta,-3
merorod,-4
merosok,-3
merosot,-5
merua,-4
meruak,-4
merugi,-5
merukunkan,-3
merumung,-3
merundung,-4
merunjang,-3
meruntuh,-4
meruntuhkan,-4
meruntun,-5
merunyamkan,-3
meruok,-5
merusakkan,-4
meruyup,-4
mesiu,-1
mesum,-5
mesut,-4
meteor,-4
metode,-5
mewajibkan,-2
mewakili,-3
mewalakkan,-5
mewek,-5
mewujud,-3
mewujudkan,-3
mikirin,-3
mikro,-3
mil,-3
milih,-2
miliun,-5
mimpiin,-2
minhaj,-4
minim,-3
minus,-3
miris,-4
miskin,-5
miss,-4
mls,-4
modar,-5
moderator,-3
modus,-3
mogok,-5
momok,-4
moncong,-3
monyet,-3
morat-marit,-3
morfin,-3
moyang,-4
muak,-5
mual,-5
muatan,-5
mubazir,-3
mucikari,-5
mudarat,-5
muflis,-4
muka badak,-3
muka dinding,-3
muka dua,-3
muka tebal,-3
mules,-4
mulut besar,-5
mulut gapil,-4
mulut gatal,-4
mulut harimau,-4
mulut rambang,-4
mumet,-4
mumi,-4
muncikari,-5
munding,-3
mungkar,-4
mungkir,-5
mungut,-2
muntah,-3
muntahan,-4
muntup,-3
mupeng,-2
murahan,-4
muram,-4
muram durja,-5
murca,-4
muring,-5
murka,-4
murtad,-5
murung,-4
murup,-3
murus,-5
musibah,-5
musir,-4
muskil,-2
musnah,-5
mustahil,-3
mustaka,-3
musuh,-4
musuhan,-4
mutlak,-3
naas,-5
nabrak,-4
naena,-2
nahan,-3
nahas,-2
naik darah,-4
naik pitam,-4
najis,-4
najisin,-4
nakal,-5
nala,-3
nama buruk,-5
nanar,-4
nang,-5
nangis,-5
nanya,-1
naon,-2
napa,-2
nape,-3
narasi,-4
narkotik,-3
narkotika,-4
nasihat,-3
naudzubillah,-5
ndak,-3
ndut,-4
negasi,-2
nelangsa,-3
nemu,-2
nenes,-2
neraka,-5
next,-2
ngaceng,-5
ngadepin,-2
ngadu,-3
ngakak,-2
ngambek,-5
ngamen,-3
ngancem,-4
nganggur,-3
ngantuk,-2
ngarep,-2
ngarti,-3
ngatain,-5
ngeang,-4
ngeden,-2
ngeles,-3
ngeluh,-4
ngenes,-4
ngerasa,-2
ngeri,-4
ngerjain,-2
ngertiin,-3
ngeselin,-5
ngesot,-2
ngespam,-3
ngestalk,-4
ngetawain,-4
ngga,-2
ngidam,-2
ngikutin,-2
ngilang,-3
ngilu,-4
ngomel,-4
ngomongin,-3
ngotot,-4
nihh,-3
nihil,-4
ninggalin,-4
nira,-3
nis-,-3
nista,-5
nistaan,-5
njir,-3
noda,-4
nol,-3
nona,-3
nujum,-4
numpuk,-3
nusuk,-3
nuzul,-4
nyakitin,-5
nyalahin,-4
nyampah,-4
nyamuk,-1
nyangka,-3
nyanyang,-5
nyari,-2
nyariin,-2
nyasar,-4
nyebelin,-4
nyebut,-3
nyelekit,-4
nyenyak,-4
nyenyat,-4
nyenyeh,-4
nyerah,-3
nyeri,-4
nyesal,-4
nyesek,-4
nyesel,-5
nyet,-4
nyiksa,-4
nyinyir,-4
nyolong,-4
nyontek,-5
nyuruh,-3
obat bedil,-3
obral,-3
obrolan,-4
obsolet,-5
ocehan,-4
odoh,-5
ogah,-3
ogah-ogahan,-4
ogel,-4
oles,-4
olok,-4
olok-olok,-5
oma,-2
omel,-1
omong kosong,-4
omongan,-4
onak,-4
onar,-2
ongkang-ongkang,-4
ongok,-3
onyak-anyik,-4
oon,-5
open,-3
opium,-3
oposisi,-3
opp,-1
ora,-3
orang bunian,-4
orang halus,-4
orang-orangan,-3
orbit,-4
orok,-3
osteoporosis,-5
otak ayam,-5
otak telur,-5
otak udang,-5
otaknya,-2
otek,-4
otot,-4
oven,-4
ovipositor,-3
oyok,-3
oyong,-4
pa,-5
pacak,-4
pacul,-4
padang luas,-3
padang pasir,-3
paganisme,-5
pagebluk,-5
pagina,-2
pahit,-3
pailit,-5
pait,-4
paksa,-4
palat,-5
pales,-4
palit,-3
palka,-3
palolo,-4
palsu,-2
pamer,-3
pameran,-3
pamflet,-3
pampat,-5
panar,-3
panas hati,-5
pancakara,-4
pancaran,-3
pandemi,-3
pandir,-5
pangkal kerongkongan,-5
pangku tangan,-4
pangkur,-4
panik,-4
panjang tangan,-5
panji-panji,-3
pansos,-2
pantang,-4
pantesan,-2
papak,-3
papakerma,-5
parah,-3
paralelogram,-4
paranormal,-2
parau,-4
pari-,-3
pariwara,-3
parlemen,-3
parlente,-4
parokial,-3
paruh,-3
parut,-3
pasak,-4
pasal,-4
pasokan,-3
pasukan,-5
patah,-4
patah pucuk,-5
pataka,-3
patgulipat,-5
patos,-5
patuk,-5
patung,-3
pautan,-4
pawana,-4
payudara,-3
pdhal,-2
pecat,-5
pedar,-4
pedes,-2
pedih,-4
pedofil,-5
pegal hati,-4
pegari,-3
pegawai negeri,-3
pegawai pemerintah,-3
pejabat,-3
pejajaran,-4
pekak,-3
pekik,-5
pekikan,-5
pekir,-4
pekuk,-3
pelak,-3
pelaksanaan,-4
pelana,-3
pelantikan,-3
pelanting,-3
pelecehan,-5
pelecok,-3
pelerai,-3
peles,-1
peleset,-4
pelesit,-4
pelet,-3
peletan,-3
pelir,-5
pelit,-2
pelontar,-3
pelor,-3
pelosok,-3
pelosot,-3
peluk,-3
peluru,-3
pemain,-3
pemakai bahasa,-3
pemalak,-5
pemantik api,-4
pemarah,-4
pematang,-4
pembabil,-4
pembaiatan,-3
pembalut,-3
pembangkang,-4
pembantah,-4
pembarut,-3
pembatalan,-3
pembelit,-3
pembendung,-3
pemberadaban,-3
pemberitahuan,-3
pemberon-takan,-4
pembersih,-4
pembesar,-2
pembohong,-4
pembudayaan,-5
pembungkus,-3
pemburu,-5
pemerasan,-4
pemerdaya,-4
peminta-minta,-4
pemisah,-3
pemupusan,-3
penabalan,-3
penanda,-3
penanggalan,-4
penanggung,-4
penangkis,-3
penarah,-3
penarung,-4
penata,-3
pencahayaan,-3
pencemaran,-4
pencolek api,-4
pencucuk,-3
pencukuran,-4
pendamai,-3
pendek akal,-3
pendek tali,-4
penderitaan,-5
pending,-3
pendongkrak,-3
pendusta,-4
penelik,-3
penertiban,-2
pengacauan,-4
pengamitan,-4
pengang,-3
penganggur,-4
pengangguran,-4
pengangkatan,-3
pengangkutan,-5
pengantara,-3
peng-antara,-3
pengap,-4
pengar,-4
pengebat,-3
pengecoh,-4
pengejawantahan,-3
pengeluaran,-3
pengesahan,-3
pengetam,-3
penggali,-4
pengganggu,-4
penggaruk,-3
penggelapan,-4
pengguguran,-3
penghabisan,-3
penghalang,-5
penghambat,-5
penghapus,-3
penghapusan,-3
penghilangan,-3
penghinaan,-5
penghisap darah,-4
penghisapan,-4
penghukuman arestasi,-3
pengikat,-3
pengindahan,-2
pengingkaran,-3
pengintai,-3
pengiriman,-5
pengiring,-3
pengotoran,-4
pengukuhan,-3
pengumpil,-3
pengumuman,-3
pengungkit,-3
pengunjukan,-3
peniadaan,-3
penindasan,-4
penindihan,-4
pening,-3
penipu,-4
penis,-5
peniti,-4
penjara,-4
penjelmaan,-3
penjuru,-3
penobatan,-3
penodong,-5
penolak,-3
penongkat senduk,-3
pensiun,-3
pental,-3
pentung-pentungan,-4
penubuhan,-3
penuh sesak,-3
penumpang,-3
penurunan,-5
penutup,-3
penutupan,-2
penutur bahasa,-3
penuturan,-3
penyadaran,-3
penyadur,-3
penyakit,-4
penyalut,-3
penyangga,-3
penyanggah,-4
penyangkal,-4
penyap,-3
penyebab,-3
penyekutuan (Allah),-5
penyelewengan,-4
penyelidikan,-5
penyemat,-4
penyepelean,-4
penyepit,-3
penyertifikatan,-4
penyigian,-3
penyimpangan,-4
penyinaran,-3
penyodok,-3
penyudah,-2
penyudahan,-3
penyumbat,-3
penyungkit,-3
pepak,-3
pepat,-3
pepet,-5
peradam,-5
peragaan,-3
perahu,-4
perang,-3
perang mulut,-5
peranjat,-3
perantara,-4
perapian,-4
perban,-3
perbantahan,-3
perbaraan,-4
percabangan,-4
percaturan,-3
percekcokan,-4
percuma,-2
perdebatan,-3
perenyak,-4
peres,-3
peretel,-4
pergabungan,-3
pergesekan,-4
pergok,-5
perguaman,-4
perhiasan,-4
perih,-4
periksa,-5
pering,-3
perit,-4
perkakas,-3
perkara,-4
perkawinan,-3
perkutut,-3
perlahan-lahan,-4
perlengkapan,-3
perlina,-3
permusuhan,-5
perosok,-4
perpegangan,-2
persengketaan,-4
persesuaian bunyi,-3
persetubuhan,-3
persuasi,-3
pertentangan,-5
pertunjuk,-3
pertunjukan,-3
pertunjukan perasaan,-3
perundungan,-4
perus,-5
perusuhan,-4
perwujudan,-3
peserta,-3
petaka,-4
petanda,-3
petir,-3
petugas,-3
petung,-3
petus,-3
pgen,-1
php,-4
pialang,-3
pica,-4
pijat-pijat,-5
pikat,-4
pikiran tumpul,-3
pikul,-2
pikulan,-2
pikun,-4
pilak,-5
pilih-pilih,-3
pilon,-3
pilu,-5
pinak,-3
pincang,-4
pinggir,-4
pipis,-2
pipitan,-3
pisah,-3
pitnah,-3
piye,-3
please,-3
plongah-plongoh,-3
plonga-plongo,-3
pls,-3
pojok,-3
pokonya,-2
pol,-3
politik,-1
polusi,-4
pongah,-5
pongsu,-4
poor,-4
popokan,-4
porak-poranda,-5
porno,-5
potel,-5
potol,-4
potong,-2
potongan,-2
praduga,-3
prahara,-3
pranatal,-3
prapendapat,-3
pretel,-4
primer,-4
primitif,-2
prinsipil,-4
problem,-4
prosais,-3
prosedur,-4
protes,-3
provokasi,-2
puaka,-4
puatang,-5
pub,-4
pucat,-4
puisi,-3
pukang,-3
pukulan,-3
pumpun,-3
punah,-4
pundung,-4
puntianak,-5
puntung,-3
pupus,-5
puputan,-3
purbasangka,-3
purwa,-2
pusang,-5
pusing,-4
pusing keling,-5
pusink,-3
puspamala,-3
pusu,-4
pusung,-3
putau,-3
putih tulang,-2
putus akal,-5
putus jiwa,-5
putus napas,-4
putus nyawa,-5
putus tali gantung,-2
putus usia,-3
puyan,-4
puyeng,-4
qada,-2
rabak,-3
rabies,-4
rad,-3
radang,-4
radikal,-4
radius,-4
ragu,-3
raguk,-3
ragu-ragu,-3
raib,-3
raiso,-3
rajam,-5
rajaman,-4
rakaat,-4
rakus,-2
ramal,-2
rambang,-5
rampak,-5
rampang,-2
rampas,-4
rampok,-5
ranai,-4
ranap,-5
rancap,-4
rancau,-3
randek,-3
rang,-3
rangkai,-4
rangkul,-3
rangsang,-3
rantai,-3
rantaian,-3
rantas,-3
rantus,-3
ranyah,-5
rapet,-2
rapun,-5
rasa hati,-2
rasa malu,-4
rasain,-3
rasialisme,-5
rasionalitas,-4
rasisme,-5
ratap,-3
ratapan,-3
rawak,-5
rawan,-5
rayah,-5
rayu,-4
rayuan,-3
realitas,-3
reba,-5
rebak,-3
rebeh,-5
rebet,-5
reca,-3
receh,-4
recehan,-4
recok,-2
redang,-4
redik,-5
redup,-3
reguk,-3
rel (kereta api),-4
relai,-5
relung,-2
rem,-2
remaja,-2
rembas,-5
rempak,-4
remuk,-4
remuk redam,-5
rendah,-5
rengeh,-3
renggang,-3
rengsa,-5
rentan,-4
renti,-3
renyang,-5
renyem,-3
repost,-2
repot,-5
represi,-4
reput,-3
resah,-5
resan,-5
resek,-4
resesi,-5
residivis,-5
resistan,-2
resonansi,-3
restan,-3
resultan,-3
resurjensi,-5
retak,-4
retas,-3
retek,-3
rewel,-4
reyot,-3
riang gembira,-3
riba,-3
ribet,-4
ribut,-2
rim,-3
rinding,-3
rindunya,-2
ringan lidah,-4
ringan mulut,-4
ringkih,-4
ringkik,-3
ringkus,-5
rintik,-3
rip,-5
risi,-3
risiko,-3
riuk,-3
robek,-3
roboh,-5
roda,-5
rogoh,-3
rogok,-3
roh jahat,-4
rokok,-3
rombak,-2
rombeng,-3
rombengan,-4
rombongan,-4
romong,-4
rompak,-5
rompeng,-4
rompes,-4
rompoh,-4
rompok,-2
rompong,-3
rompyok,-5
rongga,-3
ronggang,-3
rongkol,-5
rongseng,-4
rongsok,-3
rongsokan,-3
rosak,-3
rua,-4
ruai,-4
ruak,-4
ruang,-3
ruat,-4
rubuh,-5
rucah,-5
rudapaksa,-4
rudin,-5
rugi,-5
rumbing,-4
rumit,-5
rumor,-5
runcing,-4
rundung,-4
runtuh,-5
runtun,-5
runyam,-5
rurut,-5
rusak,-2
rusak binasa,-4
rusuk,-4
ruwet,-4
ruyup,-5
sabak,-3
sabil,-4
sabit,-3
sad,-4
sadis,-5
sadur,-3
safih,-4
safinah,-3
sahara,-2
sajen,-4
sakit hati,-3
sakit ingat,-4
sakit ingatan,-4
sakit jiwa,-4
sakitnya,-4
sakit-sakitan,-4
sakral,-2
salah,-2
salah benang,-1
salah langkah,-3
salah tingkah,-4
salah urat,-3
salahku,-4
sama sekali,-3
samar,-5
sambar,-3
sambaran,-3
sambat,-3
sambel,-2
sambit,-5
sambungan jiwa,-3
sampah,-4
sampai hati,-2
sampai rasa,-2
sampuk,-3
sampul,-3
sampur,-3
sanding,-2
sandung,-5
sange,-5
sanggama,-2
sanggit,-3
sangit,-5
sano,-4
santet,-5
sapi jantan,-3
sapit,-3
sapu,-3
sara,-3
sara bara,-5
sarak,-3
sarangan,-3
sarau,-5
sarik,-3
sarit,-4
sarung,-3
sasana,-3
satelit,-3
satire,-3
saum,-2
sawat,-5
sayap,-4
sayat,-4
sayu,-3
sayu rawan,-3
sayu rayu,-3
sayup,-3
seandainya,-1
sebaran,-3
sebarang,-2
sebel,-5
sebit,-4
sedat,-4
sedi,-2
sediaan,-3
sedih,-5
sedihhh,-5
sedihnya,-5
sedikit,-2
sedikit pembeli,-2
sedikit-dikitnya,-3
sedu,-5
seenak,-4
segitunya,-3
sekedup,-3
seko,-3
sekongkol,-4
sekongkolan,-4
sekop,-3
seksi,-3
seksologis,-2
seksualitas,-5
sekutu,-3
seladang,-3
selagi,-2
selap,-3
selebaran,-3
seleder,-5
selekeh,-5
selektif,-3
selempang,-5
selerang,-5
selesma,-3
seleweng,-5
selia,-4
selingkuh,-5
selingkuhan,-5
selir,-4
selisih,-4
selit-belit,-3
selokan,-4
selubung,-5
seluk beluk,-4
seluk-beluk,-4
selulur,-2
selusur,-3
semak hati,-5
seman,-5
semangatin,-1
semaput,-4
semau,-3
semayam,-3
sembam,-4
sembarang,-4
sembarangan,-4
sember,-4
sembrono,-5
sembunyi-sembunyi,-4
semburan,-4
semena,-3
semena-mena,-5
semenggah,-5
sementung,-5
semok,-4
sempelah,-4
semprot,-5
semprotan,-5
sempuras,-3
semrawut,-5
senat,-3
sendal,-3
sendu,-2
senengnya,-1
senewen,-4
sengal,-4
senging,-5
sengsara,-5
senior,-3
senonoh,-5
sensasi,-5
sensi,-4
sentakan,-5
senteng,-5
sentilan,-5
sentimen,-3
sentong,-3
sentuh asa,-1
sentuk,-4
senyampang,-4
senyur,-4
sepak,-3
separuh,-3
sepenuhnya,-3
sepi,-3
sepit,-3
serabutan,-5
seraga,-3
serah,-1
serak,-4
serakah,-3
serakan,-3
seram,-4
serampangan,-5
serampu,-3
seranah,-3
serang,-1
serangan,-3
serawak,-3
serem,-5
serenging,-5
serengit,-4
serik,-3
serindai,-5
seringing,-4
serobot,-3
serong,-4
serpihan,-4
serutu,-3
sesak,-3
sesal,-3
sesat,-4
sesat akal,-2
sesat pusat,-4
se-sat pusat,-4
setan,-4
setek,-4
seteru,-4
setimbang,-3
setip,-3
sewal,-5
shabu-shabu,-3
shy,-3
si dia,-3
si fulan,-3
si polan,-3
sia,-5
sial,-5
sialan,-5
sian,-3
siapanya,-2
sia-sia,-4
sidik midik,-3
sifer,-3
sihh,-2
sikit,-3
siklon,-4
siksa,-5
siksaan,-5
silam,-4
silang,-4
silang sengketa,-4
silap,-4
silap mata,-5
silat lidah,-3
silu,-5
siluman,-5
simbah,-3
simpang-siur,-4
sin,-1
sindir,-3
sindiran,-3
singgah,-2
singkat,-3
singkat akal,-3
singkil,-4
singkir,-5
sinting,-5
sipongang,-3
siratan,-3
sirik,-5
sirkuler,-3
sisa,-4
sisih,-2
sitoplasma,-5
sivilisasi,-3
skip,-3
skors,-3
slebor,-5
slip,-5
soak,-5
soal jawab,-3
sobek,-3
sodok,-3
sogok,-4
sogokan,-4
sok tahu,-2
sok tau,-2
solek,-4
solokan,-4
sombong,-3
someng,-4
somplak,-4
soms,-4
songsong,-2
sontak,-4
sorak,-3
sorang,-2
sorangan,-3
sorry,-4
sosi,-5
sotau,-4
sotoy,-4
spam,-3
spektakel,-3
spion,-3
stagnasi,-5
stalk,-4
stalking,-4
stop,-3
stori,-5
stres,-4
stress,-5
suak,-2
suari,-3
subversif,-4
sudu,-3
suka hati,-3
suka mengganggu,-4
sukaria,-3
sukatan,-5
sulalah,-3
sulfur,-3
sumarah,-4
sumbang,-4
sumbat,-3
sumbing,-4
sumpah serapah,-5
sumpal,-3
sumpek,-4
sun,-3
sunam,-3
sundal bolong,-5
sunduk,-3
sundut,-3
sungguhpun,-3
sungkan,-4
sungkap,-3
sungkawa,-3
suni,-4
sunu,-2
surah,-4
suram,-5
suri,-1
surih,-3
surup,-5
surut,-4
susah,-3
susahnya,-3
susila,-2
suspend,-3
susuh,-4
susup,-2
susur tangan,-3
sutradara,-3
suudzon,-4
syahwat,-2
syair,-3
syak,-3
syedi,-4
syur,-3
taburan,-3
tae,-4
tagar,-3
tagut,-4
tahi,-5
tahi angin,-4
tai,-5
taik,-5
tais,-3
tajak,-3
taji,-4
tak bernyawa,-5
takaran,-5
takda,-2
takul,-3
takut,-3
talak,-3
talas,-3
talenan,-5
tali jantung,-3
talun,-3
tamat riwayat,-3
tamat riwayatnya,-3
tambat hati,-2
tambatan hati,-2
tambeng,-5
tamparan,-3
tampik,-4
tampuk,-3
tanah tandus,-3
tandanya,-2
tanduk,-2
tangan besi,-4
tangan panas,-4
tanggul,-3
tanggung,-2
tanggungan,-3
tangis,-5
tangisan,-5
tangkap,-3
tangkap basah,-3
tangkap tangan,-4
tangkapan,-3
tangkis,-3
tantang,-4
tanur,-4
tapak kaki,-3
tapa-tapa,-3
tarak,-3
tarik napas habis,-5
tarung,-3
tatah-tatah,-5
tatak,-4
tauk,-3
tauu,-3
tawar,-4
tawon,-3
tbc,-3
tebal hati,-5
tebaran,-3
tedak,-4
tega,-5
tegal,-4
teganya,-4
tegun,-3
tegur ajar,-5
tekak,-5
tekan mental,-4
tekanan,-3
tekek,-3
tekuk lutut,-3
telak,-3
telantar,-4
telat,-5
teledor,-5
telerang,-3
teles,-4
telik,-2
telimpuh,-3
telinga merah,-3
teliti waskita,-3
tembakau,-3
tembak-menembak,-5
tembam,-4
tembelang,-5
tembis,-3
tembok,-1
temenan,-2
temenin,-3
tempelak,-5
tempik,-4
temporer,-4
tendang,-3
tendas,-4
tendensi,-3
tengak,-4
tenggak,-3
tenggalam,-3
tenggan,-3
tenggarang,-4
tenggelem,-3
tengik,-2
tengkar,-4
tengking,-5
tengkingan,-5
tengkoh,-3
tengku,-4
tengkulak,-5
tensi,-4
teologis,-4
tepergok,-5
teperlus,-4
tepian mata,-3
tepu,-3
terabai,-3
teraduk,-3
teragung,-4
terajam,-4
terajang,-3
terali,-4
teralienasi,-3
terambau,-5
teraniaya,-4
terasing,-5
terban,-4
terbang arwah,-4
terbang pikiran,-4
terbangai,-3
terbelakang,-3
terbenam,-5
terbentur,-4
terberak,-5
terbesit,-2
terbiar,-3
terbongkar,-3
terbuang,-2
terbuka (mata),-3
terbuni,-5
terburu,-3
tercampak,-5
tercantol,-3
tercebur,-5
tercecer,-3
tercekluk,-3
tercela,-4
tercelampak,-5
tercemas,-3
tercengang-cengang,-3
tercengung,-3
tercerai,-3
terdampar,-5
terdedah,-3
terderita,-4
terdesak,-4
terekspos,-4
terempas,-5
tergamak,-4
terganjal,-4
tergelecik,-4
tergeliat,-3
tergelicik,-3
tergelingsir,-3
tergeluncur,-3
tergemap,-3
tergolong,-3
terguling,-3
tergulir,-3
terguncang,-3
terhambat,-4
terhempas,-5
terhenti,-3
terhina direndahkan,-3
terhindar,-4
terhunjam,-3
teriakan,-4
teriris,-5
terisolasi,-3
terjang,-3
terjengkang,-5
terjepit,-4
terjerembab,-2
terjerohok,-4
terjerumus,-4
terjumpa,-4
terkait,-3
terkam,-4
terkejar,-5
terkelik,-3
terkencar-kencar,-4
terkikis,-3
terkilir,-3
terkocok,-3
terkuak,-5
terkutuk,-5
terlalah,-5
terlalaikan,-3
terlampau,-5
terlangah,-3
terlanggar,-4
terlangkaui,-5
terlengar,-4
terlepas,-5
terluka,-5
terlulur,-3
terminasi,-3
termuat,-3
ternoda,-5
teror,-5
terowongan,-4
terpa,-4
terpacak,-3
terpacul,-4
terpaksa,-4
terpaku,-3
terpalit-palit,-3
terpancang,-3
terpangah,-4
terpaut,-4
terpelanting,-3
terpelecok,-3
terpelekok,-3
terpeleset,-4
terpencil,-5
terpendam,-5
terpengaruh,-4
terperanjat,-3
terperenyak,-4
terperosok,-5
terperuk,-4
terpisah,-5
terpojok,-4
terpotong,-3
terpulang,-3
terpuruk,-4
terror,-5
tersaku,-3
tersampuk,-4
tersangkut,-3
tersantet,-3
tersapu,-3
tersara bara,-5
tersayat,-5
tersekat,-5
terselak,-3
terselip,-3
terselubung,-5
terselulur,-2
terselusur,-3
tersengut-sengut,-5
tersentuh,-2
tersentuh (perasaan),-1
terserah,-3
terserak,-3
terseret,-3
tersiar,-3
tersia-sia,-3
tersiksa,-5
tersila,-3
tersimbah,-5
tersinggung,-5
tersingkap,-3
tersingkir,-5
tersirah,-5
tersirap hatinya,-2
tersirep,-3
tersisih,-5
tersumbat,-5
tersungkap,-3
tersuntuk,-4
tersuruk,-5
tersusul,-3
tertabrak,-4
tertanam,-5
tertancap,-3
tertangguh,-3
tertanggung,-4
tertangkap basah,-3
tertangkap tangan,-4
tertawan,-3
tertegak,-4
tertegun,-3
tertenung,-3
tertindas,-5
tertinggal,-3
tertubruk,-4
tertular,-4
tertumbuk,-4
tertumbuk akal,-5
tertunda,-3
tertutup,-5
terudak,-3
terulur lidah,-5
terzalimi,-5
tesis,-3
tetas,-4
tetek,-4
tetesan darah,-3
tetiba,-3
tetua,-2
tidak,-5
tidak ada rasa,-3
tidak banyak,-1
tidak bekerja,-4
tidak betul,-2
tidak cocok,-3
tidak enak,-5
tidak ingat,-1
tidak inget,-1
tidak jelas,-2
tidak kasihan,-2
tidak keruan,-3
tidak laku,-3
tidak masuk akal,-4
tidak menarik,-3
tidak natural,-2
tidak percaya,-2
tidak perlu,-1
tidak sopan,-2
tidak suka,-3
tidak tahu,-2
tidak tarik,-2
tidak terima,-2
tiduran,-2
tidurin,-2
tikai,-4
tike,-3
tilam,-4
tilap,-4
timah panas,-3
timang,-1
timbal,-2
timbangan,-5
timbul,-3
timburu,-5
timpa,-3
timpang,-4
timpuk,-5
tindas,-5
tindih,-4
tindik,-3
tingau,-4
tinggalkan,-3
tinggi hati,-4
tinggikan,-2
tingkah,-5
tingkeb,-3
tinja,-5
tinju,-5
tipeks,-3
tipu muslihat,-5
tiri,-2
titian,-4
titik berat,-3
titis,-3
titisan darah,-3
tiup,-3
tiup-tiup,-3
tkde,-1
tobak,-3
tobat,-2
toboh,-4
tolak,-2
tolol,-5
tongong,-3
tonjok,-5
topan,-3
topek,-4
topo,-5
tosan aji,-4
tragedi,-5
traumatis,-4
travesti,-5
trayek,-4
trek,-3
tren,-2
tt,-2
tua bangka,-3
tua uzur,-3
tuak,-3
tuas,-3
tubruk,-3
tugal,-4
tuhkan,-4
tuhmah,-3
tuil,-3
tukas,-5
tulah,-3
tulang punggung,-3
tuli,-3
tulup,-3
tumbang vertikal,-3
tumbuk,-3
tumor,-4
tumpah hati,-3
tumpahan hati,-3
tumpas,-4
tumpasan,-5
tumpat,-4
tumpuk,-4
tumpul,-3
tumpul otak,-3
tumpur,-5
tun,-4
tunasusila,-5
tunggakan,-4
tunggang,-1
tunggang gunung,-4
tunggul,-3
tungku,-4
tunjangan,-3
tunjuk perasaan,-3
tuntut,-3
tupai,-5
turun,-3
tutup mulut,-3
tutup usia,-4
tutur kata,-4
tuyul,-4
typo,-2
typonya,-3
ua,-4
uang panas,-3
uang pecah,-4
uang sogok,-3
uang suap`,-4
uar,-3
uar-uar,-3
ubah akal,-2
ubah ingat,-3
uber,-3
ucek,-3
uci-uci,-4
udahan,-4
udeh,-3
udi,-5
ugal-ugalan,-3
ugh,-4
ujung tangan,-4
ukir,-5
ulah,-3
ulam-ulam,-5
ular kepala dua,-5
ulasan pers,-3
uler,-3
umbar,-3
umbul-umbul,-3
umpan,-3
umpat,-4
umpatan,-4
unam,-3
undian,-5
unfollow,-2
unit,-4
unjuk,-3
unjuk rasa,-3
unmood,-3
unting,-5
urgen,-4
uring-uringan,-5
urit,-3
urita,-3
urun,-4
urung,-5
urut-urutan,-4
usah,-5
usak,-3
usang,-5
usil,-3
usir,-4
usrek,-5
utang,-4
uyuh,-3
vagina,-4
vakum,-3
validitas,-3
vampir,-5
vibrasi,-3
vital,-4
vulgar,-3
wabah,-5
wacana,-3
waduk,-3
waham,-3
walang hati,-5
wan,-4
wangsit,-3
wara,-3
wara-wara,-3
warita,-4
warta,-3
wasit,-3
waswas,-3
watu,-3
wawa,-3
wedus,-3
week,-4
wejang,-3
wejangan,-3
wimana,-4
wreda,-4
xx,-1
yaahh,-3
yahhh,-3
yakali,-3
yalord,-2
yaoi,-5
yauda,-4
yaudahlah,-3
yaudh,-3
yelah,-3
yg tuan,-3
yodah,-2
yunior,-4
yuwaraja,-4
zakar,-3
zalim,-5
zat pemabuk,-3
zero,-3
ziarah,-4
ngemis,-2
anjing,-2
norak,-2
pansos waw,-3
menguras dompet,-2
tidak modal,-2
jangan beli,-5
porsi sedikit,-1
sedikit porsi,-1
tidak untung,-3
kurang enak,-4
tidak jumbo,-1
banyak omong,-3
banya omong,-1
malas beli,-5
tidak niat,-3
korek dompet,-2
tidak nonton,-2
kurang laku,-3
